img_idx,IoU_bg,IoU_pet,mIoU,Dice_bg,Dice_pet,mDice
0,0.12749165233099774,0.8658441720068675,0.4966679121689326,0.226150946780704,0.928099125315038,0.577125036047871
1,0.5039889687727372,0.9166487363231489,0.7103188525479431,0.670203012438309,0.9565119773398072,0.8133574948890581
2,0.2862072270652141,0.8809432454022686,0.5835752362337414,0.44504061405138207,0.9367036964625325,0.6908721552569572
3,0.17122391349148547,0.8091514670883281,0.4901876902899068,0.29238459276511386,0.8945093673008894,0.5934469800330016
4,0.2341859396520586,0.8399436601670349,0.5370647999095468,0.379498634894642,0.9130101952043277,0.6462544150494849
5,0.3988406881039749,0.8950546760226945,0.6469476820633346,0.570244619699437,0.9446214796305704,0.7574330496650037
6,0.24390592608303732,0.8297437383284564,0.5368248322057468,0.39216137003395113,0.9069507614071249,0.649556065720538
7,0.32110463232652164,0.8638482402415685,0.5924764362840451,0.4861153681083423,0.9269512630809549,0.7065333155946486
8,0.31250801795622185,0.9150713153709745,0.6137896666635982,0.47619978496260185,0.955652468946007,0.7159261269543045
9,0.13195307108168458,0.9026169092584351,0.5172849901700598,0.23314229971670353,0.9488162381677134,0.5909792689422084
10,0.06264025132998242,0.7735404823482805,0.4180903668391315,0.11789549897358576,0.8723121801246552,0.49510383954912046
11,0.19642370386416386,0.7620008719087369,0.47921228788645037,0.32835140799996193,0.8649267818843677,0.5966390949421648
12,0.24647232783906656,0.8575831616588294,0.552027744748948,0.39547180043115865,0.9233321870693575,0.6594019937502581
13,0.09243567221198493,0.7244576215339946,0.40844664687298976,0.16922858629253545,0.8402150478937858,0.5047218170931607
14,0.060936497753993964,0.9101233961555188,0.48552994695475643,0.11487303506476915,0.952947226328218,0.5339101306964936
15,0.13416666666480323,0.9034536162290484,0.5188101414469258,0.23659074209849876,0.949278310252592,0.5929345261755454
16,0.4067739012187723,0.9154572604715224,0.6611155808451474,0.5783074321557428,0.9558628943212933,0.767085163238518
17,0.19617615077749023,0.8600148332820059,0.528095492029748,0.328005454129778,0.9247397578701082,0.626372605999943
18,0.13404099560663219,0.8143159877547849,0.4741784916807085,0.23639532631698149,0.8976561891652628,0.5670257577411222
19,0.36785748128145684,0.8917993966313754,0.6298284389564162,0.5378593695840813,0.9428054562437795,0.7403324129139304
20,0.21927564782210524,0.9196117898532984,0.5694437188377018,0.3596818294760169,0.9581226732552809,0.6589022513656488
21,0.11624465636208282,0.8323508312266736,0.4742977437943782,0.2082780969199567,0.9085059662613337,0.5583920315906452
22,0.23564954682404757,0.9249539451073704,0.5803017459657089,0.38141809290462725,0.9610141036966764,0.6712160983006519
23,0.09662475181892097,0.8733374574684916,0.48498110464370625,0.17622208810927154,0.9323866919830492,0.5543043900461604
24,0.02003019627559104,0.8509879547563387,0.43550907551596485,0.03927373199092881,0.9194959400677045,0.47938483602931664
25,0.3471221565583492,0.8683222309285719,0.6077221937434605,0.5153536446096066,0.9295208466229172,0.722437245616262
26,0.12803296200115952,0.8210404334604575,0.47453669773080853,0.22700216450062904,0.9017267473850253,0.5643644559428271
27,0.06849315068348803,0.9322200242276115,0.5003565874555498,0.1282051282025995,0.9649211917263496,0.5465631599644746
28,0.20643401159251523,0.8904425612038757,0.5484382863981955,0.34222180344537617,0.9420466714808009,0.6421342374630885
29,0.20449848024067477,0.897531869576068,0.5510151749083714,0.33955788835833695,0.9459992572104601,0.6427785727843985
30,0.18256868317522576,0.9058999485863088,0.5442343158807673,0.3087663080761185,0.9506269720593207,0.6296966400677195
31,0.2487757100832757,0.9403261444606162,0.594550927271946,0.3984313725427697,0.9692454509723817,0.6838384117575758
32,0.1396452660492993,0.8382060476975239,0.4889256568734116,0.2450679526505548,0.9119826895874192,0.578525321118987
33,0.19790145985220892,0.8612684835942032,0.5295849717232061,0.33041358823725786,0.9254639953189885,0.6279387917781232
34,0.10762596727445432,0.762893555575285,0.43525976142486966,0.19433630206285352,0.8655015535822638,0.5299189278225587
35,0.25663926651709895,0.8490102586317825,0.5528247625744407,0.4084533618440879,0.9183402359920134,0.6633967989180507
36,0.10738436570046817,0.8980569027819684,0.5027206342412183,0.19394235466299534,0.946290810845231,0.5701165827541131
37,0.22470475582269703,0.8851065842569293,0.5549056700398132,0.36695334896736204,0.9390520320163439,0.653002690491853
38,0.13063737726525815,0.9193217093158108,0.5249795432905344,0.23108625257240087,0.9579652070350682,0.5945257298037345
39,0.014883801897337593,0.8268492312386952,0.42086651656801644,0.029331046311926835,0.905218905971841,0.4672749761418839
40,0.3851544763558863,0.8989356523981911,0.6420450643770387,0.5561177225072605,0.9467784242851128,0.7514480733961867
41,0.2547746000944762,0.8778056844902432,0.5662901422923597,0.40608823301857305,0.9349270712518222,0.6705076521351976
42,0.17238737358127193,0.8293145403393652,0.5008509569603186,0.2940792053307144,0.9066943076782356,0.6003867565044749
43,0.03746478873204258,0.8426240078590622,0.4400443982955524,0.07222373065370419,0.914591369986657,0.4934075503201806
44,0.1597793163115558,0.8787524001297573,0.5192658582206565,0.2755339986915816,0.9354637684764269,0.6054988835840043
45,0.16077755434108226,0.862755845090025,0.5117666997155537,0.2770169938931115,0.9263219840261233,0.6016694889596175
46,0.19059116753492802,0.8352803182792004,0.5129357429070642,0.32016223995603715,0.910248216536619,0.6152052282463281
47,0.29942497261364426,0.9192252442802267,0.6093251084469354,0.4608576546153107,0.9579128317739137,0.7093852431946122
48,0.04089257913813292,0.8581406772882961,0.44951662821321453,0.0785721407909206,0.9236552299588381,0.5011136853748793
49,0.11097504974573741,0.910385582692891,0.5106803162193142,0.19977955359327942,0.9530909267118798,0.5764352401525796
50,0.15415486307655624,0.8884321967913927,0.5212935299339745,0.2671302924906204,0.9409204082634418,0.6040253503770311
51,0.09860751295177125,0.9142575507863997,0.5064325318690854,0.17951363301135573,0.9552085093364912,0.5673610711739234
52,0.22133938705701847,0.9142178316854536,0.567778609371236,0.3624535315943023,0.9551868304146891,0.6588201810044957
53,0.13611504962252147,0.9342470399590925,0.535181044790807,0.23961490461330692,0.9660059140934252,0.602810409353366
54,0.0824036511149222,0.8318334598274006,0.4571185554711614,0.15226048254741734,0.9081976916239731,0.5302290870856953
55,0.17176837590006075,0.8667795653387481,0.5192739706194044,0.2931780366032181,0.9286362261860963,0.6109071313946572
56,0.15927069264750848,0.863583000703039,0.5114268466752737,0.2747773986829094,0.9267985384898351,0.6007879685863722
57,0.3052471397153511,0.7949600798389971,0.5501036097771741,0.4677231313939819,0.8857690917675481,0.676746111580765
58,0.12340545492900552,0.8050011758237752,0.46420331537639037,0.21969887076399183,0.8919674808038669,0.5558331757839293
59,0.30783388933270633,0.9042793509371552,0.6060566201349308,0.4707538042002748,0.949733924796413,0.710243864498344
60,0.27452540638542083,0.8988926030942176,0.5867090047398192,0.4307884409522762,0.9467545469706768,0.6887714939614765
61,0.2019845932863039,0.9044835831144346,0.5532340882003692,0.336085161847316,0.949846552770297,0.6429658573088065
62,0.3496538916060303,0.8745154249586694,0.6120846582823498,0.5181386039497239,0.9330575927140757,0.7255980983318998
63,0.1655967164798695,0.7458366058107265,0.455716661145298,0.28414067084879174,0.8544174218003374,0.5692790463245646
64,0.28132231404726177,0.8600399150182514,0.5706811145327566,0.4391124870972709,0.9247542572330362,0.6819333721651535
65,0.40587995099626495,0.9054580896671451,0.655669020331705,0.5774034272394902,0.9503836317127448,0.7638935294761175
66,0.2059266118739909,0.8924039713272387,0.5491652916006148,0.34152428488825565,0.9431432028768685,0.642333743882562
67,0.1279742155642433,0.856682142521957,0.4923281790431001,0.22690982435308082,0.9228096968265271,0.574859760589804
68,0.131076310309305,0.8502215703394548,0.4906489403243799,0.23177270908177852,0.9190483820632003,0.5754105455724894
69,0.02579405219476235,0.852468558997484,0.4391313055961232,0.050290898333001766,0.9203595438713643,0.485325221102183
70,0.18786349171307073,0.8840404863360428,0.5359519890245568,0.31630484988160457,0.9384516869435924,0.6273782684125985
71,0.3622425274867412,0.8646685727416861,0.6134555501142136,0.53183265120207,0.9274233345074662,0.7296279928547681
72,0.3077240241848856,0.9204227688501502,0.6140733965175179,0.47062532842385046,0.9585626496203768,0.7145939890221137
73,0.3088997256886788,0.9285927978697057,0.6187462617791922,0.47199906857059026,0.9629744535968559,0.717486761083723
74,0.11866931479544299,0.8338585379538331,0.47626392637463805,0.21216156235972655,0.9094033380396164,0.5607824501996714
75,0.3030332209888971,0.8839859590618795,0.5935095900253883,0.4651197162247626,0.9384209630756011,0.7017703396501819
76,0.007684918347619518,0.9053567065708139,0.4565208124592167,0.015252621544085595,0.950327782140321,0.4827902018422033
77,0.2746458788832147,0.8782064584084183,0.5764261686458165,0.43093675417339694,0.9351543377745656,0.6830455459739813
78,0.08883297851579576,0.9276549318485369,0.5082439551821664,0.1631709918207755,0.9624699073697348,0.5628204495952551
79,0.15530969742556944,0.8417474051146432,0.4985285512701063,0.26886244921453234,0.9140747561550081,0.5914686026847702
80,0.18809425382195022,0.8767028689797277,0.532398561400839,0.3166318719527085,0.9343011975639474,0.6254665347583279
81,0.22078746824491122,0.8839716312042806,0.5523795497245959,0.3617131957658946,0.9384128896242714,0.650063042695083
82,0.2681214216239805,0.8925524153885677,0.5803369185062741,0.4228639577440764,0.9432260983961325,0.6830450280701045
83,0.23019721952424513,0.9257237334649898,0.5779604764946175,0.3742444152381834,0.9614294276773733,0.6678369214577784
84,0.3322252442799212,0.8934895080161742,0.6128573761480477,0.498752362945189,0.943749098406456,0.7212507306758225
85,0.1601283880152148,0.8899344124368818,0.5250314002260483,0.276052874267076,0.9417622183929655,0.6089075463300208
86,0.40183646698292697,0.9115421920450831,0.656689329514005,0.5733000623785612,0.9537243758871577,0.7635122191328595
87,0.19216837983169682,0.8701964670522546,0.5311824234419757,0.3223846280150896,0.9305936380297318,0.6264891330224107
88,0.1677631578927659,0.8894989704859152,0.5286310641893406,0.2873239436590812,0.9415183436243589,0.6144211436417201
89,0.047740835463806634,0.9144140002437869,0.48107741785379676,0.09113100081218664,0.9552938916319488,0.5232124462220678
90,0.33817389725596136,0.8820255622053357,0.6100997297306485,0.5054259359705274,0.9373151777723873,0.7213705568714573
91,0.23498335504244475,0.8302910626260972,0.532637208834271,0.3805449750929942,0.9072776233030364,0.6439112991980153
92,0.14077877620730872,0.8749299283698615,0.5078543522885851,0.24681170292341698,0.933293468871725,0.590052585897571
93,0.07823756072978524,0.8296647162613702,0.4539511384955777,0.14512119328662895,0.9069035532987251,0.526012373292677
94,0.4583653318655143,0.9195377945811148,0.6889515632233145,0.6286015195920515,0.9580825104637006,0.793342015027876
95,0.19360858408993384,0.8355010627147869,0.5145548234023604,0.3244088332986489,0.9103792742882361,0.6173940537934425
96,0.1900908889370977,0.7646926222896907,0.4773917556133942,0.31945608642861384,0.8666581506953899,0.5930571185620018
97,0.19834462903977482,0.7852126821887139,0.49177865561424433,0.3310310310293742,0.8796853058718183,0.6053581684505962
98,0.16760244699432159,0.8436634349017192,0.5056329409480205,0.287088207849802,0.9152033054739112,0.6011457566618565
99,0.041746457295255716,0.9233901834089785,0.4825683203521171,0.08014705882205612,0.9601693835957716,0.5201582212089139
100,0.20356443803231106,0.8783668974183789,0.5409656677253449,0.3382692801477508,0.9352452906038787,0.6367572853758148
101,0.3458636486075739,0.9228985691357289,0.6343811088716513,0.5139653618929425,0.9599035372422554,0.7369344495675989
102,0.33949593110263493,0.8634856872240508,0.6014908091633429,0.5069010263034864,0.9267424946100293,0.7168217604567579
103,0.2864557587670179,0.9551547913059708,0.6208052750364943,0.44534101824312505,0.9770630904041749,0.71120205432365
104,0.1252948113189078,0.9082645394661777,0.5167796753925428,0.2226879748464411,0.951927283331752,0.5873076290890966
105,0.045745080836624326,0.8831688941386765,0.4644569874876504,0.08748801533931581,0.9379603676415016,0.5127241914904087
106,0.2843883423029108,0.8765847099486545,0.5804865261257827,0.4428385604824191,0.9342340959099457,0.6885363281961824
107,0.3032334719485425,0.867501573518281,0.5853675227334117,0.46535556134106953,0.9290504338199307,0.6972029975805001
108,0.13299920098690346,0.8126363707702494,0.4728177858785764,0.23477368893297362,0.8966347402870806,0.5657042146100271
109,0.06051282051193388,0.9015401624604187,0.48102649148617627,0.11411992262898425,0.9482210055389083,0.5311704640839463
110,0.22021961378099036,0.8355847224870097,0.527902168134,0.3609507850781298,0.9104289355327461,0.635689860305438
111,0.2530276118157109,0.927683721801298,0.5903556668085044,0.40386597937623886,0.9624854028797177,0.6831756911279783
112,0.3310663527741645,0.8757349487343887,0.6034006507542766,0.4974453032850947,0.9337512736810409,0.7155982884830678
113,0.20669291338388926,0.866368760952983,0.5365308371684361,0.34257748776242847,0.9284004094781442,0.6354889486202864
114,0.1978491092669087,0.8452143332369464,0.5215317212519276,0.3303406209284467,0.9161150745607299,0.6232278477445883
115,0.0,0.8977966308580051,0.44889831542900255,0.0,0.9461463006730135,0.47307315033650676
116,0.289121376005948,0.8712484945790907,0.5801849352925194,0.4485557083875615,0.9311948649290056,0.6898752866582836
117,0.0741011705677874,0.8633439770452692,0.4687225738065283,0.1379780091452955,0.9266608717240559,0.5323194404346757
118,0.028527251642608987,0.807172341828215,0.41784979673541195,0.0554720384842493,0.8932986889470031,0.47438536371562623
119,0.27604518682749785,0.8803707899215336,0.5782079883745157,0.4326573849846197,0.9363799891384941,0.6845186870615569
120,0.24935912374544114,0.8449603696678032,0.5471597467066222,0.3991792575987118,0.9159658749959423,0.6575725662973271
121,0.2109691492643975,0.9210993736547302,0.5660342614595638,0.34843026247621683,0.9589294403885167,0.6536798514323667
122,0.2585562696139698,0.8401636703382303,0.5493599699761,0.4108775679823603,0.9131401558251657,0.662008861903763
123,0.18505477308052876,0.9025375485426602,0.5437961608115944,0.3123142951434762,0.948772390047179,0.6305433425953275
124,0.39068659658023414,0.8779348130096284,0.6343107047949312,0.561861453962311,0.9350003066428346,0.7484308803025728
125,0.10612049347100107,0.8845630317078351,0.4953417625894181,0.1918787222502233,0.9387460295304885,0.5653123758903559
126,0.11927568560399848,0.8961424791481948,0.5077090823760966,0.21313012895412506,0.9452269425985007,0.5791785357763128
127,0.3380559319904145,0.9144317747469193,0.626243853368667,0.5052941718027318,0.9553035911847041,0.7302988814937179
128,0.14790132117212787,0.8866051562899494,0.5172532387310387,0.25768995721880533,0.9398947663574481,0.5987923617881267
129,0.2836983993230444,0.8917602877042555,0.5877293435136499,0.44200164068546344,0.9427836005442852,0.6923926206148743
130,0.30086862106079404,0.8974109774541585,0.5991397992574763,0.46256572906716825,0.9459321023411124,0.7042489157041403
131,0.06306818181778366,0.7700388924171095,0.4165535371174466,0.11865312666952518,0.8700813250103997,0.49436722583996245
132,0.39212279176958986,0.9331826574124066,0.6626527245909982,0.5633451216916647,0.965436611832102,0.7643908667618834
133,0.09947643978871586,0.9259122515523261,0.512694345670521,0.18095238094930355,0.9615310882476823,0.5712417345984929
134,0.2538949275339321,0.8686974957345118,0.5612962116342219,0.40497002094629075,0.9297358162221552,0.667352918584223
135,0.17348538845084127,0.9098555636733938,0.5416704760621176,0.29567541301876,0.9528003907514223,0.6242379018850912
136,0.23756252841984934,0.8667757930187738,0.5521691607193115,0.3839200411524662,0.9286340612089314,0.6562770511806988
137,0.1575781876487813,0.8686135951459124,0.5130958913973469,0.27225493591728217,0.9296877614529888,0.6009713486851355
138,0.1460022015396177,0.8668164864134295,0.5064093439765236,0.2548026545559308,0.9286574151471922,0.5917300348515615
139,0.21878094894914213,0.8625011884751648,0.5406410687121534,0.3590160301369652,0.9261751818599343,0.6425956059984498
140,0.23457047539371798,0.8839869797413583,0.5592787275675382,0.38000337780459376,0.9384215382026853,0.6592124580036395
141,0.14608433734810342,0.8491242349760528,0.49760428616207814,0.25492772667345653,0.9184069073509812,0.5866673170122189
142,0.3575626959212621,0.8940309601510938,0.625796828036178,0.5267715399009469,0.9440510519213199,0.7354112959111334
143,0.3483818330113084,0.9239051036921206,0.6361434683517145,0.5167406212130219,0.9604476872784176,0.7385941542457197
144,0.11825095056921814,0.8557207739674365,0.4869858622683273,0.21149268955957587,0.9222516511877474,0.5668721703736617
145,0.0778097982702527,0.8266012292721484,0.45220551377120055,0.1443850267368649,0.9050702649549041,0.5247276458458845
146,0.1839644914516577,0.8641095804226204,0.524037035937139,0.3107601499536511,0.9271016999190728,0.6189309249363619
147,0.11566078012695845,0.858355091382478,0.48700793575471824,0.2073404070255058,0.9237794169293293,0.5655599119774175
148,0.3530216364044638,0.9170135732157567,0.6350176048101103,0.5218270379512744,0.9567105690101948,0.7392688034807346
149,0.1231095536690971,0.8518870422565819,0.4874982979628395,0.21922982182265185,0.9200205226540502,0.5696251722383511
150,0.05145383893807512,0.8913463899789855,0.4714001144585303,0.09787179813816908,0.9425522418332785,0.5202120199857238
151,0.054693533665276316,0.7920842534385594,0.42338889355191783,0.10371455198972364,0.8839810426532667,0.4938477973214952
152,0.12234042553083031,0.8456886339534172,0.4840145297421238,0.21800947867126375,0.9163936087550955,0.5672015437131797
153,0.17119448037762833,0.87977731907037,0.5254858997239992,0.29234167893692614,0.9360441900697657,0.6141929345033459
154,0.39620724686423797,0.8828053108964066,0.6395062788803223,0.5675479020096559,0.9377552801527861,0.752651591081221
155,0.4220079410048552,0.9175779733387511,0.6697929571718032,0.5935380933339167,0.9570176400609455,0.7752778666974312
156,0.07186169526419996,0.8892873082058984,0.4805745017350492,0.13408762638259403,0.9413997588862033,0.5377436926343987
157,0.22835374537006298,0.8261322979659129,0.527243021667988,0.37180453306839134,0.904789098671682,0.6382968158700366
158,0.1046013911168459,0.8966241467694712,0.5006127689431585,0.18939210462352393,0.9454948132941313,0.5674434589588276
159,0.17940102264295543,0.8219086873798004,0.5006548550113779,0.3042239563959852,0.9022501435698603,0.6032370499829227
160,0.07134209615988116,0.8340467617548267,0.45269442895735396,0.13318266203783047,0.9095152633478177,0.521348962692824
161,0.24940323578596582,0.8646256876331585,0.5570144617095621,0.39923577695726553,0.9273986659817621,0.6633172214695138
162,0.21221204076207748,0.8541184306497921,0.5331652357059348,0.3501236312232418,0.9213202528281419,0.6357219420256919
163,0.20147006730250203,0.8574635241288353,0.5294667957156687,0.33537259526545754,0.9232628398783683,0.6293177175719129
164,0.19634982851302854,0.8973769414842141,0.5468633849986213,0.32824818265252126,0.9459131940143062,0.6370806883334137
165,0.16851254731293266,0.9078092454986355,0.5381608964057841,0.2884223155334322,0.9516771633647949,0.6200497394491136
166,0.19452034561557846,0.8266032876524966,0.5105618166340375,0.3256877897970591,0.9050714988198951,0.6153796443084771
167,0.1502922661853609,0.8822567329695443,0.5162744995774526,0.26131144336693723,0.9374456922012451,0.5993785677840912
168,0.24407146035829314,0.8072839846332767,0.5256777224957849,0.39237530662105286,0.8933670540959128,0.6428711803584828
169,0.15923421712254626,0.8255517023946634,0.4923929597586048,0.2747231142258685,0.9044407795317413,0.5895819468788048
170,0.11664876476781257,0.8723972071359621,0.4945229859518874,0.20892651019421962,0.931850575092867,0.5703885426435433
171,0.11162988115291979,0.903022533861178,0.5073262075070489,0.20084001527044879,0.9490402954178071,0.5749401553441279
172,0.2704314275669025,0.8667776852608935,0.568604556413898,0.4257316399749742,0.9286351471892124,0.6771833935820932
173,0.30338330631783444,0.8900401336708879,0.5967117199943611,0.46553198103314264,0.9418214119530123,0.7036766964930774
174,0.04991047448466975,0.8695652173899684,0.4597378459373191,0.09507567682695506,0.9302325581387705,0.5126541174828627
175,0.10654874710353181,0.8684830450671557,0.48751589608534374,0.1925784966680059,0.9296129792132433,0.5610957379406246
176,0.19373678380632628,0.8741275231074732,0.5339321534568997,0.32458878110228095,0.9328367598572914,0.6287127704797861
177,0.14614720276224788,0.8609969849860794,0.5035720938741636,0.25502344273061767,0.925307232555801,0.5901653376432093
178,0.035148952905146254,0.6972123231657993,0.3661806380354728,0.06791090848616654,0.8215970549463059,0.4447539817162362
179,0.04275184275142258,0.8503863227894343,0.44656908277042845,0.08199811498508955,0.9191446265204636,0.5005713707527766
180,0.22127930412409802,0.8843026004714195,0.5527909522977588,0.36237296968329386,0.9385993526200966,0.6504861611516952
181,0.07131537242330992,0.9280716828266109,0.4996935276249604,0.1331360946720944,0.9626941685757554,0.5479151316239249
182,0.19963269053994825,0.8624412108190044,0.5310369506794763,0.3328230251046171,0.9261406006364601,0.6294818128705386
183,0.28910286519153233,0.9040175032487173,0.5965601842201248,0.4485334304932726,0.9495894882334258,0.6990614593633492
184,0.12930456920636066,0.8993665887149039,0.5143355789606323,0.22899857617193878,0.947017383646206,0.5880079799090724
185,0.20142949967347765,0.844075107839311,0.5227523037563943,0.3353163872340771,0.9154454764354012,0.6253809318347392
186,0.14248994188486264,0.8805963181387146,0.5115431300117886,0.24943754279321687,0.9365075424695806,0.5929725426313988
187,0.247296034181818,0.8176672273243342,0.5324816307530761,0.39653142061665486,0.8996885843928288,0.6481100025047418
188,0.26798592787803,0.8668085583048748,0.5673972430914525,0.42269542900448986,0.9286528652857325,0.6756741471451112
189,0.29139010050927944,0.880361173813489,0.5858756371613842,0.45128129818304363,0.9363745498191307,0.6938279240010872
190,0.17600087508011375,0.8821624665620439,0.5290816708210788,0.299320993393179,0.9373924751282507,0.6183567342607149
191,0.06458681135157984,0.8619005807402346,0.4632436960459072,0.12133686170615174,0.925828789846093,0.5235828257761224
192,0.29581657280534335,0.858500784039738,0.5771586784225406,0.4565716769078253,0.9238637846293012,0.6902177307685633
193,0.4110272908762921,0.9141369216074232,0.6625821062418576,0.5825929711409498,0.9551426664292793,0.7688678187851146
194,0.17455375674372609,0.8754345851459965,0.5249941709448613,0.29722565824087976,0.9335805067046332,0.6154030824727565
195,0.1104854664417823,0.9098133004151986,0.5101493834284905,0.19898588460738678,0.9527772167231244,0.5758815506652556
196,0.2874980848759959,0.8494569703626411,0.5684775276193185,0.4465996311034295,0.9186014965204405,0.682600563811935
197,0.09722996839380499,0.9253072462416359,0.5112686073177204,0.17722805828232416,0.9612047615235589,0.5692164099029415
198,0.25359440030028757,0.874457083762828,0.5640257420315578,0.40458764053116586,0.9330243848607329,0.6688060126959494
199,0.09762340036444091,0.8856260137469906,0.49162470705571576,0.17788141238976368,0.9393442891542777,0.5586128507720207
200,0.059975084534081013,0.8371311399573909,0.4485531122457359,0.11316319677540997,0.9113460892909439,0.5122546430331769
201,0.06692607003816646,0.8707456802278147,0.4688358751329906,0.12545587162524272,0.9309075941544096,0.5281817328898262
202,0.13364355514068268,0.8547737909503046,0.49420867304549365,0.23577702979857337,0.9217013903483681,0.5787392100734707
203,0.31652796593461846,0.8865654862267942,0.6015467260807064,0.48085262770686615,0.939872474821916,0.7103625512643911
204,0.33765713827898425,0.865098908982754,0.6013780236308691,0.5048485574015034,0.9276708112542822,0.7162596843278928
205,0.31144651316171146,0.9003332854918746,0.605889899326793,0.47496639784547234,0.9475530343708483,0.7112597161081603
206,0.19898175646797853,0.8813697769386092,0.5401757667032938,0.3319179051633765,0.936944759868298,0.6344313325158373
207,0.19657078609391387,0.8648286515954714,0.5306997188446927,0.32855688669384886,0.927515405617089,0.6280361461554689
208,0.3009156930817712,0.8940281123842972,0.5974719027330342,0.46262135921955805,0.9440494642488173,0.7033354117341877
209,0.44439157844124666,0.9244174757266596,0.6844045270839532,0.6153339372427297,0.9607244658569729,0.7880292015498513
210,0.19677446171588014,0.8470452278794234,0.5219098447976518,0.32884134481572075,0.9171894819835122,0.6230154133996165
211,0.11745350500547277,0.9046743413414129,0.5110639231734428,0.21021636153872467,0.949951728445372,0.5800840449920484
212,0.16319068255466967,0.9039498841912857,0.5335702833729777,0.28059145418231934,0.9495521827511169,0.6150718184667181
213,0.2510570220517534,0.8965250477574693,0.5737910349046114,0.4013518450821944,0.9454397122965057,0.6733957786893501
214,0.01859771258062061,0.8489953939603528,0.4337965532704867,0.036516305408743246,0.9183315401796588,0.47742392279420104
215,0.02624801901717266,0.8493818081523964,0.4378149135847845,0.051153363574450786,0.9185575465360086,0.4848554550552297
216,0.0,0.9122161865220456,0.4561080932610228,0.0,0.9540931542695409,0.47704657713477044
217,0.4657534246485481,0.9561325686750164,0.7109429966617822,0.6355140186832234,0.9775744077740615,0.8065442132286424
218,0.1596955128192332,0.8349621516125537,0.49732883221589347,0.2754093829871111,0.9100592629431555,0.5927343229651333
219,0.45441780081600325,0.917640920280915,0.6860293605484591,0.6248793167424813,0.95705187616302,0.7909655964527507
220,0.4487531248067267,0.8445922717257209,0.6466726982662239,0.6195025461865262,0.915749550371429,0.7676260482789776
221,0.12003586984217222,0.8936670846284096,0.5068514772352909,0.21434290289129196,0.9438481472088026,0.5790955250500472
222,0.13846447669712636,0.9303976176869198,0.5344310471920231,0.24324777721450683,0.9639440177115011,0.6035958974630039
223,0.35170562223348306,0.8655905176633614,0.6086480699484222,0.5203878957791775,0.9279533846982748,0.7241706402387262
224,0.1545303605294766,0.8890134354601389,0.5217718979948077,0.26769388803012123,0.9412462810182045,0.6044700845241628
225,0.24832758969948987,0.8824461845720406,0.5653868871357652,0.3978564468951132,0.9375526289190125,0.6677045379070629
226,0.26151863387110386,0.8910318378458486,0.5762752358584762,0.41460922867006117,0.9423763471490351,0.6784927879095481
227,0.1629478315512025,0.8321200088228671,0.4975339201870348,0.280232401024995,0.9083684527385324,0.5943004268817638
228,0.21066073488045262,0.8478699248942538,0.5292653298873532,0.34800952704764876,0.9176727360209339,0.6328411315342913
229,0.27991337303432684,0.8943622817732929,0.5871378274038099,0.4373942470352166,0.9442357360874918,0.6908149915613542
230,0.006208135925400945,0.9071269351722081,0.4566675355488045,0.012339665529918175,0.9513021062651995,0.48182088589755884
231,0.2607872026914251,0.8886104855832906,0.5746988441373578,0.41368948246733145,0.9410203875987128,0.6773549350330221
232,0.4507058823476387,0.9243335224034935,0.6875197023755661,0.6213607979837696,0.9606791251539395,0.7910199615688546
233,0.24991066110482535,0.9007377281741216,0.5753241946394735,0.39988563804059957,0.947776976089578,0.6738313070650888
234,0.3348157560325393,0.8814978899528166,0.6081568229926779,0.501665873390211,0.9370171443295346,0.7193415088598728
235,0.1168708765305726,0.8393847784067204,0.4781278274686465,0.20928270042033537,0.9126799223964412,0.5609813114083884
236,0.118422959847537,0.9060245059396683,0.5122237328936027,0.21176775531088948,0.9506955478444902,0.5812316515776899
237,0.20456422965505405,0.8787978915885787,0.5416810606218163,0.33964852121440503,0.935489544163294,0.6375690326888495
238,0.44969727129095377,0.8896263765497394,0.6696618239203466,0.6204016248033617,0.9415897106327489,0.7809956677180553
239,0.46596824988453006,0.8574443262518315,0.6617062880681808,0.6357139725519062,0.9232517111100531,0.7794828418309796
240,0.12360440826821577,0.8093544343453316,0.46647942130677367,0.2200141034667606,0.8946333774987273,0.5573237404827439
241,0.2924547910976418,0.9469194904006816,0.6196871407491616,0.45255709230536256,0.9727361558292303,0.7126466240672964
242,0.315391791041834,0.881924221702386,0.5986580063721101,0.47954045812013657,0.9372579528251128,0.7083992054726247
243,0.15153080997091423,0.8979537933270699,0.524742301648992,0.2631815122250036,0.9462335663640972,0.6047075392945503
244,0.1849001663855054,0.9393784707705858,0.5621393185780456,0.31209408460045474,0.9687417746751994,0.6404179296378271
245,0.2318658937767215,0.923457599598908,0.5776617466878148,0.37644664885697005,0.9602058291188467,0.6683262389879083
246,0.2419047619014707,0.912607045388951,0.5772559036452108,0.38957055214297137,0.9543068949673995,0.6719387235551855
247,0.16698217384313785,0.833472618614558,0.5002273962288479,0.28617776275575413,0.9091737832925607,0.5976757730241574
248,0.010005175090391493,0.9123522404457797,0.46117870776808556,0.01981212638736444,0.9541675651062123,0.48698984574678833
249,0.16653422635751464,0.8854047979508258,0.5259695121541702,0.28551965745148383,0.9392198417158356,0.6123697495836598
250,0.2185576411564818,0.8358921161812386,0.5272248786688603,0.3587153102565718,0.9106113685154249,0.6346633393859984
251,0.07138810198242503,0.8225477155306361,0.4469679087565306,0.13326282390169022,0.9026350405219988,0.5179489322118446
252,0.2794828555336764,0.8983505154624927,0.5889166854980845,0.43686846498166354,0.9464537851626719,0.6916611250721677
253,0.23118544023041845,0.9516069106431487,0.5913961754367836,0.3755493407835488,0.9752034648509708,0.6753764028172597
254,0.2861869313458545,0.8609768670647899,0.5735818992053222,0.44501607716755615,0.9252956146873104,0.6851558459274333
255,0.0,0.9035949707017462,0.4517974853508731,0.0,0.9493563332631023,0.47467816663155116
256,0.07697390155218385,0.7829768063246136,0.42997535393839875,0.14294478527519666,0.8782804168256384,0.5106126010504175
257,0.006526468455323586,0.8744693198117429,0.44049789413353324,0.012968299711659841,0.9330313498004521,0.47299982475605595
258,0.22611644996917898,0.8922658020635666,0.5591911260163728,0.36883356385090976,0.9430660334193292,0.6559497986351195
259,0.07090084251366298,0.8897044115144259,0.48030262701404447,0.13241345920924213,0.9416334174733804,0.5370234383413113
260,0.1367680125121051,0.8623259584937519,0.49954698550292853,0.2406260749893307,0.9260741435309215,0.5833501092601261
261,0.14393675153884505,0.8854863292779162,0.5147115404083806,0.251651590606244,0.9392657114804226,0.5954586510433333
262,0.08628276257726646,0.9266190366429644,0.5064508996101155,0.15885875307927336,0.9619120532075204,0.5603854031433969
263,0.11427586998835101,0.8805100633692063,0.4973929666787787,0.20511234796737668,0.9364587624611218,0.5707855552142492
264,0.007300204917939291,0.8816261702211676,0.44446318756955344,0.014494596312593838,0.9370896134140616,0.47579210486332774
265,0.14550178629267616,0.8770407527404084,0.5112712695165422,0.25404026084250975,0.9344930326738641,0.594266646758187
266,0.11406640485337262,0.9235249703361889,0.5187956875947808,0.20477487581790138,0.960242247517876,0.5825085616678887
267,0.07777504307066484,0.8845371625772147,0.4811561028239398,0.14432518839752995,0.9387314616471224,0.5415283250223262
268,0.13684886824089726,0.7217486895968873,0.4292987789188923,0.24075120636334063,0.8383902876857948,0.5395707470245678
269,0.03276792598177456,0.9616659791279558,0.4972169525548652,0.06345651362211809,0.9804584362068177,0.5219574749144679
270,0.25846032059906526,0.8809039476179503,0.5696821341085078,0.4107564082370596,0.936681480979995,0.6737189446085273
271,0.22186065430750268,0.7830292621264736,0.5024449582169881,0.3631521377259564,0.8783134172376044,0.6207327774817804
272,0.04032645223196998,0.8465046993045542,0.44341557576826207,0.07752653437861073,0.9168725101250722,0.4971995222518415
273,0.10936132983240393,0.889794466524041,0.4995778981782225,0.1971608832785358,0.9416838521711499,0.5694223677248429
274,0.07910694597501738,0.8450251256268341,0.46206603580092576,0.14661558109709139,0.9160039219950925,0.531309751546092
275,0.2826734407823872,0.8685743632527105,0.5756239020175489,0.4407566755416188,0.9296652895748228,0.6852109825582208
276,0.15017959421269605,0.8631952366799556,0.5066874154463258,0.2611411208620768,0.9265751862033428,0.5938581535327098
277,0.26887686061882443,0.9149789925869566,0.5919279266028905,0.4238029220387778,0.9556021200534487,0.6897025210461132
278,0.1612689533331277,0.8201120846146971,0.4906905189739124,0.2777460860729052,0.9011665727040191,0.5894563293884622
279,0.08797293140436831,0.9087186749570397,0.49834580318070404,0.1617189708769901,0.9521766480096838,0.556947809443337
280,0.17107970004531767,0.8015978906559903,0.486338795350654,0.29217430724603516,0.8898743663205732,0.5910243367833041
281,0.12898391447568203,0.8643007237903895,0.49664231913303575,0.22849557521921685,0.9272117022334709,0.5778536387263439
282,0.11018906664291052,0.8381116921914485,0.4741503794171795,0.1985050473900092,0.9119268385614023,0.5552159429757058
283,0.2306025588090115,0.882197753588597,0.5564001561988042,0.3747799111228743,0.9374123966587458,0.65609615389081
284,0.17962146269588733,0.8595649643747981,0.5195932135353427,0.30454085208891235,0.924479629205954,0.6145102406474332
285,0.17786090800732984,0.8475821196632501,0.51272151383529,0.30200664067921174,0.9175041375890072,0.6097553891341094
286,0.24280782508376597,0.8855018587346587,0.5641548419092124,0.39074074073745163,0.9392744479487388,0.6650075943430952
287,0.33330027766428694,0.8918697225558635,0.6125850001100752,0.49996281145035354,0.9428447550299311,0.7214037832401423
288,0.2676993982810434,0.9098431712492555,0.5887712847651494,0.4223389214257489,0.9527935957737453,0.6875662585997471
289,0.14214285714172903,0.8304337595092471,0.4862883083254881,0.2489055659770071,0.907362809711172,0.5781341878440895
290,0.06861262937471085,0.8766821667217739,0.4726473980482424,0.12841440853054287,0.9342894415128161,0.5313519250216795
291,0.15839274141180562,0.7941735877753214,0.4762831645935635,0.2734698444652933,0.885280658668099,0.5793752515666961
292,0.10476419056636548,0.8846326338077655,0.49469841218706545,0.18965891809483315,0.9387852231131416,0.5642220706039873
293,0.25841823519030893,0.8626704827065176,0.5605443589484133,0.4107032590023279,0.92627277955576,0.668488019279044
294,0.3313121513420893,0.9122030443906245,0.6217575978663569,0.49772271815906605,0.9540859659925108,0.7259043420757885
295,0.10724248372654982,0.8660268535445037,0.48663466863552673,0.19371092656346262,0.9282040629795786,0.5609574947715206
296,0.2929484145736588,0.8803670665093762,0.5866577405415175,0.4531478770098598,0.936377883009457,0.6947628800096584
297,0.3591296724287947,0.8682451253467668,0.6136873988877807,0.5284700639152731,0.9294766661688583,0.7289733650420657
298,0.03783524904169258,0.8767862618815137,0.4573107554616031,0.072911859713049,0.9343485507001942,0.5036302052066216
299,0.3066356933612096,0.8901599999985758,0.5983978466798927,0.4693514725170491,0.9418885173733932,0.7056199949452211
300,0.08721689059433999,0.8153881987564978,0.4513025446754189,0.1604406468458411,0.898307259367469,0.529373953106655
301,0.13824252059446276,0.8125677820901048,0.4754051513422838,0.24290521236592658,0.896592988266754,0.5697491003163403
302,0.053910149749518965,0.9128074587485235,0.4833588042490212,0.10230502052254019,0.9544164568928839,0.528360738707712
303,0.1357698406695177,0.8204367881000024,0.47810331438476006,0.23907984841274463,0.9013625668994482,0.5702212076560964
304,0.0440959409590028,0.8407267361418416,0.4424113385504222,0.08446722035620721,0.913472618867918,0.4989699196120626
305,0.2398215733962707,0.8502213202498439,0.5450214468230573,0.38686465624133665,0.9190482359537772,0.6529564460975569
306,0.22342667870898897,0.8777918180368381,0.5506092483729136,0.36524735416879767,0.9349192062776555,0.6500832802232266
307,0.29420849420281453,0.9428857089281028,0.6185471015654587,0.45465393794071224,0.9706033706411853,0.7126286542909488
308,0.23721961397863053,0.8110116643497188,0.5241156391641747,0.3834721197407849,0.8956448821558853,0.6395585009483351
309,0.24565447037121235,0.8752739051718452,0.5604641877715288,0.39441831778278913,0.9334891321826797,0.6639537249827344
310,0.29221413833975224,0.8962845095060923,0.5942493239229223,0.4522689075592246,0.9453059443485505,0.6987874259538875
311,0.23367132547516514,0.8667947537221461,0.5502330395986557,0.378822658271908,0.9286449428828424,0.6537338005773752
312,0.041440015823939864,0.851160219296265,0.4463001175601024,0.07958214624805715,0.9195964891897267,0.4995893177188919
313,0.26038320965488554,0.8943103584697407,0.5773467840623131,0.4131810193285309,0.9442067974459912,0.6786939083872611
314,0.398225128440932,0.8948639694467467,0.6465445489438394,0.5696151790448315,0.9445152621779228,0.7570652206113772
315,0.1623954322113611,0.9019171862595402,0.5321563092354507,0.2794151245113158,0.9484295034247221,0.613922313968019
316,0.25342514883972866,0.832137154652465,0.5427811517460968,0.4043722101384664,0.9083786686377328,0.6563754393880996
317,0.0891052501837675,0.8859642355686576,0.4875347428762125,0.16363019123951986,0.9395345032102593,0.5515823472248896
318,0.17258817427162101,0.9006152168820175,0.5366016955768192,0.2943713369424486,0.9477091511026496,0.6210402440225491
319,0.16610218346785255,0.8169885024737598,0.49154534297080615,0.28488443949891923,0.8992775698486385,0.5920810046737789
320,0.2973466406974519,0.9085001505699388,0.6029233956336953,0.458391969223582,0.9520566716210442,0.7052243204223131
321,0.19669537704168838,0.8556036525627103,0.5261495148021993,0.32873090481544703,0.9221836262081782,0.6254572655118126
322,0.27542657530195586,0.9150521374776879,0.5952393563898218,0.43189718739669336,0.9556420105437982,0.6937695989702457
323,0.027084818246228298,0.895555963638332,0.46132039094228017,0.052741151977061196,0.9449005788459034,0.4988208654114823
324,0.349751763779073,0.9208227938705343,0.6352872788248036,0.5182460555559166,0.9587795363621646,0.7385127959590406
325,0.13595377746532475,0.8457402747591615,0.4908470261122431,0.23936498150247096,0.9164239262964737,0.5778944538994724
326,0.2223489167598766,0.8479763079947011,0.5351626123772889,0.36380597014682964,0.917735042734252,0.6407705064405408
327,0.12662366351394694,0.8458106484862709,0.4862171560001089,0.22478431372372717,0.9164652389235168,0.570624776323622
328,0.17843051293135964,0.8524432686086008,0.5154368907699802,0.30282738095012773,0.9203448041341469,0.6115860925421372
329,0.21683131173919182,0.9018369330100908,0.5593341223746413,0.35638680505234416,0.9483851295102658,0.6523859672813049
330,0.07088967971429339,0.8996432854624994,0.4852664825883964,0.13239399175684707,0.9471707581599631,0.5397823749584051
331,0.3831203611570654,0.8668076459203575,0.6249640035387114,0.5539942465116509,0.9286523416749897,0.7413232940933203
332,0.0688824662804807,0.8809802352058356,0.4749313507431581,0.1288868859832257,0.9367246063693274,0.5328057461762765
333,0.16677943166300083,0.8450066075123576,0.5058930195876792,0.28587996520523423,0.9159930420538592,0.6009365036295468
334,0.11502509953163384,0.8407494509931304,0.4778872752623821,0.20631840409682278,0.9134860266176095,0.5599022153572162
335,0.16871508379574088,0.9309299087096845,0.5498224962527127,0.2887189292497018,0.9642296227435461,0.626474275996624
336,0.20997375327916984,0.8420726278287298,0.5260231905539499,0.3470715835118183,0.9142664790815437,0.630669031296681
337,0.2036171816095913,0.9176754693449908,0.5606463254772911,0.3383420986684405,0.957070666037602,0.6477063823530212
338,0.20067394840575556,0.8921938911424843,0.5464339197741199,0.33426884737893864,0.9430258657095528,0.6386473565442458
339,0.062129183924077805,0.871070005077067,0.4665995945005724,0.1169898819549221,0.9310929069606765,0.5240413944577993
340,0.17666342884681077,0.8941808024205393,0.535422115633675,0.30027860901557857,0.9441345844893813,0.6222065967524799
341,0.35633986927172967,0.9616349555093862,0.6589874123905579,0.5254433307531718,0.980442311968971,0.7529428213610714
342,0.12167566486581007,0.8634151650354275,0.49254541495061877,0.2169533826524917,0.9267018764645635,0.5718276295585276
343,0.0029880478087318716,0.862476911568086,0.43273247968840894,0.005958291956240116,0.9261611848298682,0.46605973839305415
344,0.29692529692200104,0.8992380013030349,0.5980816491125179,0.4578911331696517,0.9469460917337195,0.7024186124516856
345,0.2239467849206824,0.8378775536268502,0.5309121692737663,0.36594202898322126,0.9117882222059794,0.6388651255946003
346,0.21895498755772483,0.8346053135763912,0.5267801505670581,0.35925032473335033,0.9098472651312738,0.6345487949323121
347,0.3472990777292846,0.9212400635915401,0.6342695706604123,0.5155486015987135,0.9590056766455166,0.7372771391221151
348,0.17254218489921141,0.8351431547699815,0.5038426698345965,0.2943044388872758,0.910166765572748,0.6022356022300119
349,0.3908454177726068,0.8997141650682111,0.6452797914204089,0.562025675575842,0.9472100399229333,0.7546178577493876
350,0.22239205196506953,0.9042953440964033,0.5633436980307365,0.3638637074047737,0.9497427454200866,0.6568032264124302
351,0.2576385690118588,0.9242851326365933,0.590961850824226,0.40971798314723823,0.960652989476843,0.6851854863120406
352,0.1885191568316516,0.9045294319479295,0.5465242943897906,0.3172336865553013,0.9498718337188287,0.633552760137065
353,0.21126037477358378,0.8538379818274948,0.5325491783005393,0.3488273523569594,0.9211570700323983,0.6349922111946789
354,0.11792095289531217,0.8736015640745518,0.49576125848493197,0.2109647423458837,0.9325371848801367,0.5717509636130103
355,0.31472505431531467,0.9355882676371332,0.6251566609762239,0.4787693872301199,0.9667223998823379,0.7227458935562289
356,0.2687967541489946,0.9090608048427699,0.5889287794958822,0.4237034076104356,0.9523644323289535,0.6880339199696945
357,0.2975989617093109,0.9144253118907794,0.6060121368000451,0.4586917383430817,0.9553000644226215,0.7069959013828516
358,0.013700838168702437,0.906510213746304,0.46010552595750326,0.027031324534472392,0.95096287154424,0.4889970980393562
359,0.1893091342638318,0.8047321229126572,0.4970206285882445,0.31835143413913475,0.8918022932000568,0.6050768636695958
360,0.30807008228951327,0.9175353950788301,0.6128027386841717,0.471029934038853,0.9569944809713514,0.7140122075051022
361,0.34439947869988063,0.8420556886708386,0.5932275836853595,0.5123469387728962,0.9142564949037298,0.713301716838313
362,0.0433462175587611,0.8937475085080283,0.4685468630333947,0.08309076475148068,0.9438929999830433,0.513491882367262
363,0.2304141387466313,0.9085265484630445,0.5694703436048378,0.37453103226096546,0.9520711663085746,0.66330109928477
364,0.21472329997738693,0.8787539608707159,0.5467386304240514,0.35353450449396034,0.935464652820696,0.6444995786573282
365,0.14349818598297212,0.8599003638735341,0.5016992749282531,0.25098104700466745,0.9246735799144173,0.5878273134595424
366,0.1979930528734273,0.8690693718088509,0.5335312123411391,0.3305412371107398,0.9299487594382669,0.6302449982745033
367,0.4381049994255995,0.9200181555854041,0.6790615775055018,0.6092809629346746,0.958343183275676,0.7838120731051753
368,0.12663755458383616,0.8693989240945468,0.4980182393391915,0.22480620154831296,0.9301373964528675,0.5774717990005902
369,0.27787555647294876,0.8890250111358604,0.5834502838044046,0.43490237381159436,0.9412527689099198,0.6880775713607571
370,0.0,0.9227142333970295,0.46135711669851476,0.0,0.9598038204219133,0.47990191021095663
371,0.32087286527209796,0.8848344434776767,0.6028536543748874,0.4858497342300973,0.9388988476304405,0.7123742909302689
372,0.2949434860184715,0.8043514147036807,0.5496474503610761,0.45553105475718697,0.8915684695885864,0.6735497621728866
373,0.037771042200538923,0.8734282033968082,0.45559962279867355,0.07279263086864982,0.9324384054997689,0.5026155181842094
374,0.18946094404441427,0.862899796852234,0.5261803704483241,0.318566061362566,0.9264049502933942,0.6224855058279801
375,0.23622448979441182,0.8063138827778394,0.5212691862861256,0.382170862565094,0.8927727240161049,0.6374717932905994
376,0.07081362919763776,0.8820205690342375,0.47641709911593766,0.1322613520537622,0.9373123583732649,0.5347868552135135
377,0.20132216157889674,0.8348618020553509,0.5180919818171238,0.3351676478094755,0.9099996535108711,0.6225836506601733
378,0.11797050737168245,0.8907295021041449,0.5043500047379137,0.2110440420275984,0.942207228599199,0.5766256353133987
379,0.33718076887814974,0.8820399184794714,0.6096103436788105,0.5043159110956004,0.9373232839737903,0.7208195975346954
380,0.2221094190612283,0.8915160381945167,0.5568127286278726,0.3634853239767077,0.9426470832840345,0.653066203630371
381,0.223902558650994,0.8488144338091806,0.5363584962300874,0.3658829815631453,0.9182256675272022,0.6420543245451737
382,0.2848592688404261,0.9306781654238641,0.6077687171321451,0.4434092911942162,0.9640945674853494,0.7037519293397828
383,0.22413793103134094,0.9134304080565033,0.5687841695439222,0.36619718309439825,0.9547568641226798,0.660477023608539
384,0.1530630156195706,0.9253835209685058,0.5392232682940382,0.26548941999900305,0.9612459137523102,0.6133676668756566
385,0.14695665307244407,0.8223620066035189,0.4846593298379815,0.25625493810734623,0.9025232128672617,0.5793890754873039
386,0.23866725987325785,0.7463102062318866,0.49248873305257224,0.3853613760610394,0.854728104512706,0.6200447402868727
387,0.13896362147457053,0.885606390251623,0.5122850058630968,0.24401766457590612,0.9393332509161089,0.5916754577460075
388,0.30594931271149106,0.8969004737810121,0.6014248932462516,0.46854699448673176,0.9456484261330359,0.7070977103098839
389,0.1024907260190515,0.8688534745762381,0.4856721002976448,0.18592578350138506,0.9298251429510817,0.5578754632262334
390,0.1910736975827339,0.9208337867021267,0.5559537421424303,0.3208427790329265,0.9587854952125798,0.6398141371227531
391,0.1734960767197223,0.8965436602577108,0.5350198684887165,0.29569093610384534,0.9454500616515039,0.6205704988776746
392,0.33418107832823823,0.8948611267274503,0.6145211025278443,0.5009531071254216,0.9445136787126287,0.7227333929190252
393,0.19042347079813243,0.8617500630185566,0.5260867669083445,0.31992559869549775,0.9257419458564211,0.6228337722759594
394,0.2757701653972268,0.8510271211570012,0.563398643277114,0.43231950844588435,0.9195188027553686,0.6759191556006264
395,0.23530295067020568,0.8367840774320746,0.5360435140511401,0.3809639579384856,0.9111403868460629,0.6460521723922743
396,0.19411969987616365,0.8541011830474102,0.524110441461787,0.32512603199879353,0.9213102185109501,0.6232181252548719
397,0.2958774169974963,0.9082452498282043,0.6020613334128503,0.45664414413985877,0.9519166888113275,0.7042804164755931
398,0.2593313487490344,0.8977572663607375,0.578544307554886,0.41185562323473174,0.9461244409642916,0.6789900320995117
399,0.09740114677118622,0.8112816839994842,0.45434141538533523,0.17751238379468337,0.8958095156222153,0.5366609497084494
400,0.1173544973532555,0.8705356449922074,0.49394507117273145,0.21005777062022862,0.9307875498901108,0.5704226602551697
401,0.087134104831737,0.9175073818883528,0.502320743360045,0.16030056355415936,0.9569792435268704,0.5586399035405148
402,0.28245589856475706,0.8305093022106702,0.5564826003877137,0.440492182040511,0.9074079014050138,0.6739500417227624
403,0.2680644602298729,0.8647064475819726,0.5663854539059228,0.42279311286948074,0.9274451200651624,0.6751191164673216
404,0.15771812080325212,0.902503068627115,0.5301105947151836,0.272463768112783,0.9487533381781924,0.6106085531454877
405,0.05105208692608613,0.8305617147067773,0.4408069008164317,0.09714473252299684,0.9074391844142967,0.5022919584686468
406,0.22446199945315115,0.8645661550157545,0.5445140772344528,0.36662958842887183,0.9273644195353845,0.6469970039821282
407,0.3168454935588321,0.8982631065930072,0.6075543000759197,0.4812189358715781,0.9464052727708597,0.7138121043212189
408,0.2094410582257886,0.9046322804697914,0.55703666934779,0.34634355564715474,0.9499285397459054,0.6481360476965301
409,0.014179755671747602,0.8618169586874876,0.4379983571796176,0.027963002795999534,0.9257805442861976,0.47687177354109855
410,0.25871596503306826,0.882816346625875,0.5707661558294717,0.41107918262762544,0.9377615062753596,0.6744203444514925
411,0.19015212169583545,0.8398537071914,0.5150029144436177,0.3195425496110357,0.9129570507792879,0.6162498001951617
412,0.2684147794972712,0.851877473533814,0.5601461265155426,0.42322871640403914,0.9200149423581823,0.6716218293811107
413,0.13780178590962625,0.8783405407073417,0.508071163308484,0.2422245906380949,0.9352303500584382,0.5887274703482666
414,0.13973993587335465,0.8490002657607063,0.4943701008170305,0.2452137219641696,0.9183343901915719,0.5817740560778708
415,0.18042442615694737,0.8508817549984227,0.515653090577685,0.3056941590819952,0.9194339429848103,0.6125640510334027
416,0.18890653957917783,0.9044283953876922,0.546667467483435,0.3177819841853047,0.9498161207616042,0.6337990524734545
417,0.0909867983655524,0.8517916318237607,0.4713892150946566,0.16679724906270743,0.9199648785375089,0.5433810638001082
418,0.3216924910569524,0.9094323408168604,0.6155624159369064,0.48678870952757874,0.9525682805056112,0.719678495016595
419,0.3733217304777061,0.9193865638927936,0.6463541471852499,0.5436770163796173,0.958000416579081,0.7508387164793491
420,0.17970748343818646,0.8008312631365042,0.4902693732873453,0.30466447990045775,0.8894017774232751,0.5970331286618664
421,0.11121828164333566,0.8129362712169325,0.4620772764301341,0.20017359951792632,0.8968172617245387,0.5484954306212325
422,0.06178720946929714,0.9001812373273634,0.4809842233983303,0.11638341264287719,0.9474688199673873,0.5319261163051322
423,0.21601373497399698,0.921701583737184,0.5688576593555905,0.35528173533108354,0.9592556841679097,0.6572687097494967
424,0.20785506845238758,0.9105461246530531,0.5592005965527204,0.3441722005914338,0.9531788978069339,0.6486755491991838
425,0.1293170605026459,0.8429312013977657,0.4861241309502058,0.2290181650936689,0.9147722940047323,0.5718952295492006
426,0.5002115238133495,0.9009291560430348,0.7005703399281922,0.6668546613238573,0.9478829373298736,0.8073687993268654
427,0.09260614934046407,0.8071447464629349,0.4498754479016995,0.16951423785481062,0.8932817894556956,0.5313980136552531
428,0.12606948405414783,0.7879731408520263,0.4570213124530871,0.2239106659746508,0.8814149640710284,0.5526628150228396
429,0.1030970692156648,0.797885960528357,0.4504915148720109,0.18692293197546056,0.8875823918151926,0.5372526618953266
430,0.38439095550381397,0.8750514039430937,0.6297211797234539,0.5553213909345783,0.9333625756637132,0.7443419832991458
431,0.16286248070698672,0.8377799814250716,0.5003212310660292,0.2801061749072359,0.9117304464002606,0.5959183106537482
432,0.17250865205277743,0.8533620581191763,0.5129353550859769,0.29425565730497044,0.920880034616855,0.6075678459609127
433,0.13310991956926127,0.8998032319524971,0.5164565757608792,0.2349461729535674,0.9472593969931681,0.5911027849733678
434,0.20300818013718877,0.8566932371720493,0.529850708654619,0.3375009139406485,0.9228161335653794,0.630158523753014
435,0.24713403879888937,0.8352178598413535,0.5411759493201215,0.3963231394708837,0.9102111287360232,0.6532671341034535
436,0.1041454988812828,0.8633256343865956,0.4837355666339392,0.18864452010500923,0.9266503057269443,0.5576474129159767
437,0.146935348444921,0.8894123866820771,0.518173867563499,0.2562225475815078,0.9414698378726513,0.5988461927270795
438,0.4211740283655729,0.9188966453349511,0.670035336850262,0.5927128134334763,0.957734380920296,0.7752235971768862
439,0.31864588930254373,0.9197010955593063,0.619173492430925,0.48329258353215876,0.9581711420457889,0.7207318627889738
440,0.06696951934300285,0.8029463650137678,0.43495794217838535,0.1255322071135453,0.8907046605433948,0.5081184338284701
441,0.235356600906899,0.9212471673033973,0.5783018841051482,0.3810342709694014,0.9590095256680911,0.6700218983187463
442,0.2017003449962931,0.7918794770473292,0.49678991102181114,0.3356915820755886,0.8838535037548323,0.6097725429152104
443,0.36070717893494025,0.862667083174354,0.6116871310546471,0.5301760503935532,0.9262708199086208,0.728223435151087
444,0.3077437474881939,0.9181465960292272,0.6129451717587105,0.4706483943498604,0.9573268257284306,0.7139876100391456
445,0.22782296198006596,0.8706575633233471,0.5492402626517066,0.3711006701042047,0.930857234796695,0.6509789524504499
446,0.05579843534220204,0.8738374506143275,0.4648179429782648,0.10569903018300425,0.9326715615891278,0.519185295886066
447,0.14747533938717183,0.8636647611894173,0.5055700502882945,0.25704315260654487,0.9268456207093965,0.5919443866579707
448,0.1054958183977838,0.8841971756904023,0.49484649704409306,0.1908570193430146,0.9385399650293151,0.5646984921861649
449,0.09927630357952726,0.9253242257797183,0.5123002646796228,0.18062120188756547,0.9612139227147368,0.5709175623011511
450,0.1573849878921922,0.83581291479125,0.4965989513417211,0.27196652719475617,0.910564369666492,0.5912654484306241
451,0.28705163578747483,0.8844673682179319,0.5857595020027033,0.4460607916664416,0.9386921558151878,0.6923764737408147
452,0.2157559293677175,0.8817412676641588,0.5487485985159382,0.3549329666521577,0.9371546267449201,0.6460437966985388
453,0.06686478454604108,0.87430524549141,0.4705850150187255,0.12534818941369885,0.9329379487087573,0.5291430690612281
454,0.25892543602646695,0.9000221085198344,0.5794737722731507,0.4113435611305314,0.9473806693975519,0.6793621152640417
455,0.18631589280272584,0.869747635059446,0.5280317639310859,0.31410839883893993,0.9303369275627335,0.6222226632008367
456,0.3260253854995696,0.8970814378149274,0.6115534116572485,0.4917332489479334,0.9457490015275175,0.7187411252377255
457,0.12752823745564057,0.8971114380842606,0.5123198377699506,0.22620850320062655,0.9457656730910662,0.5859870881458463
458,0.16281445536864503,0.7918267551506813,0.4773206052596632,0.28003514166329874,0.883820662767248,0.5819279022152734
459,0.21329523489189597,0.8514079812044011,0.5323516080481485,0.35159659208733396,0.9197410725760538,0.6356688323316939
460,0.11831033321914658,0.9191923865918294,0.518751359905488,0.2115876598914735,0.9578949906363106,0.584741325263892
461,0.2820027529225567,0.8659449388016545,0.5739738458621055,0.43994094752087004,0.9281570112757784,0.6840489793983242
462,0.29072888705047767,0.8904655612230701,0.5905972241367738,0.4504879219288874,0.9420595428852644,0.6962737324070759
463,0.31846414454853217,0.862814184580011,0.5906391645642716,0.4830835117743464,0.9263556094023845,0.7047195605883654
464,0.04981050351832141,0.9193227091619379,0.48456660634012966,0.09489427539805924,0.9579657498694999,0.5264300126337795
465,0.2715572715543591,0.8921973208036121,0.5818772961789856,0.42712550606927185,0.9430277815050471,0.6850766437871595
466,0.0882002383783656,0.8097961213314119,0.44899817985488877,0.1621029572825705,0.894903146035775,0.5285030516591728
467,0.11087400259685587,0.8510592001976173,0.48096660139723657,0.1996158022199982,0.9195375276023144,0.5595766649111563
468,0.24047430829849425,0.8462572406937526,0.5433657744961234,0.3877134845756582,0.9167273357593025,0.6522204101674803
469,0.2534310088997271,0.8718054869976405,0.5626182479486838,0.4043796700421367,0.9315129088503836,0.6679462894462602
470,0.27876876223320896,0.8947009035604232,0.586734832896816,0.43599557709929404,0.9444244227457198,0.6902099999225069
471,0.1229869974934631,0.8860243391971382,0.5045056683453006,0.21903547907139329,0.9395682980149768,0.579301888543185
472,0.0647768245671419,0.8843036222396612,0.4745402234034015,0.12167211583230181,0.9385999281671902,0.530136021999746
473,0.2615276311112016,0.9344886807167299,0.5980081559139657,0.4146205357085014,0.9661350723132698,0.6903778040108856
474,0.14312077096282302,0.9355470557374757,0.5393339133501494,0.2504035874394547,0.9667003992119598,0.6085519933257073
475,0.27799457074755685,0.8632968727399037,0.5706457217437303,0.4350481247896777,0.9266337376184828,0.6808409312040802
476,0.07800572518990928,0.8808606393130901,0.47943318225149967,0.1447222836894808,0.9366569972295126,0.5406896404594967
477,0.05682043159657849,0.9269873867784533,0.49190390918751586,0.10753091045133888,0.9621104872182845,0.5348206988348116
478,0.17275319657646257,0.858729460553491,0.5157413285649768,0.2946113420637335,0.9239961799473272,0.6093037610055303
479,0.05286266245123935,0.8338928758418797,0.4433777691465595,0.10041701417764455,0.909423758417805,0.5049203862977247
480,0.08043573943573464,0.8710439009322258,0.47573982018398026,0.14889499948926677,0.9310779939457736,0.5399864967175202
481,0.20340917195490044,0.8218205602692524,0.5126148661120764,0.3380548805764354,0.9021970420048318,0.6201259612906336
482,0.3360184119645568,0.8883801908677966,0.6121993014161767,0.5030146425459158,0.9408912412489834,0.7219529418974495
483,0.13750390340233679,0.8709647278659643,0.5042343156341506,0.2417642752540102,0.9310327606864005,0.5863985179702054
484,0.30739091718063416,0.9390534398982305,0.6232221785394323,0.47023566270984557,0.9685689115896836,0.7194022871497646
485,0.10187780268986912,0.7999750319890141,0.4509264173394416,0.18491669845997127,0.8888734763226389,0.5368950873913051
486,0.33105100992432895,0.9064101540657676,0.6187305819950483,0.49742798353483,0.9509078118711051,0.7241678977029675
487,0.2923743703842992,0.9041719543132866,0.5982731623487929,0.45246079941582107,0.9496746890585979,0.7010677442372095
488,0.13533625812108993,0.7532449008688675,0.44429057949497874,0.23840735668050084,0.8592580540180973,0.5488327053492991
489,0.3300227198939953,0.8292695030754494,0.5796461114847223,0.4962662892259443,0.9066673901043499,0.7014668396651471
490,0.3146492955588952,0.8525952233539921,0.5836222594564436,0.478681723896758,0.9204333603002915,0.6995575420985247
491,0.2876712328733727,0.9026927590457948,0.5951819959595838,0.44680851063426963,0.9488581430230465,0.6978333268286581
492,0.19321282400761916,0.9265406890968952,0.5598767565522572,0.32385307988675355,0.9618698367914875,0.6428614583391206
493,0.08536883243667112,0.8844949642937142,0.4849318983651927,0.1573084280391886,0.938707697343423,0.5480080626913058
494,0.06634905879541773,0.8763180173926325,0.4713335380940251,0.12444153862782563,0.9340826120834045,0.5292620753556151
495,0.1299660610887406,0.8643086216009211,0.4971373413448309,0.23003533568701381,0.927216246909507,0.5786257912982604
496,0.10126582278377637,0.8635969261265747,0.48243137445517553,0.18390804597530674,0.926806557812405,0.5553573018938558
497,0.1546616775778818,0.9159952900332858,0.5353284838055838,0.26789089926724424,0.9561560978757653,0.6120234985715047
498,0.3364531675606869,0.8435415603009873,0.5899973639308371,0.5035016201499765,0.9151315907011782,0.7093166054255773
499,0.1950365564803312,0.8771723075942347,0.536104432037283,0.3264110297257526,0.934567704888434,0.6304893673070933
500,0.23142499608766287,0.8429614714658054,0.5371932337767341,0.3758653540782733,0.9147901185317273,0.6453277363050003
501,0.29112405757118637,0.8668447648767793,0.5789844112239828,0.4509621765066293,0.9286736435570692,0.6898179100318492
502,0.11112553550420452,0.8941403834247152,0.5026329594644598,0.20002336721345923,0.9441120534139691,0.5720677103137142
503,0.18678500986009086,0.8704314760678947,0.5286082429639928,0.31477480471734437,0.9307280028218462,0.6227514037695953
504,0.13909883720829141,0.813806544904571,0.47645269105643123,0.24422610692711352,0.8973465744632513,0.5707863406951824
505,0.1874391747214206,0.8000861972627579,0.4937626859920892,0.31570320183413997,0.8889420945278984,0.6023226481810192
506,0.07812781277987169,0.9213388221545861,0.4997333174672289,0.14493237602028833,0.9590591847005916,0.55199578036044
507,0.052127022168338796,0.8784964900679275,0.46531175611813314,0.09908883826766413,0.935318745297374,0.5172037917825191
508,0.21503817531443858,0.8717126565669919,0.5433754159407153,0.35396118357974893,0.9314599156110283,0.6427105495953886
509,0.2970699565379429,0.8364057554882111,0.5667378560130769,0.4580631214847705,0.9109160685088916,0.684489594996831
510,0.23364310522638088,0.870509302582406,0.5520762039043934,0.37878557296926807,0.9307724921555747,0.6547790325624214
511,0.29079079078715225,0.910333480983183,0.6005621358851676,0.45056223341944,0.95306237371149,0.7018123035654651
512,0.07968749999822126,0.9367434296308064,0.5082154648145139,0.14761215629217259,0.9673386937054166,0.5574754249987945
513,0.13700422790278835,0.8664121542643297,0.501708191083559,0.2409915891966269,0.9284253237258168,0.5847084564612218
514,0.20792291220334128,0.8836682705901757,0.5457955913967585,0.34426520120240856,0.938241923365107,0.6412535622837578
515,0.03695584090158726,0.8584731981208639,0.44771451951122554,0.07127755964893509,0.923847811191339,0.49756268542013704
516,0.14818801578581284,0.8892327791329467,0.5187103974593797,0.2581249999973112,0.9413692044249363,0.5997471022111238
517,0.19023526435377897,0.9000187406282796,0.5451270024910293,0.31965993623464756,0.9473788035697692,0.6335193699022084
518,0.1158728875223104,0.829430759869539,0.4726518236959247,0.2076811594187849,0.9067637628752756,0.5572224611470302
519,0.5657041221953787,0.9309650917179215,0.7483346069566501,0.7226194453677072,0.9642484949219563,0.8434339701448317
520,0.267467248904647,0.9155656222459488,0.591516435575298,0.4220499569291338,0.95592196019103,0.6889859585600819
521,0.4213354474945266,0.891873652328458,0.6566045499114923,0.5928726371205896,0.9428469509375198,0.7678597940290547
522,0.30407663176315347,0.9005190586872265,0.6022978452251899,0.4663477963745614,0.9476559096537083,0.7070018530141349
523,0.30074515647837935,0.926131175413385,0.6134381659458822,0.4624197983448393,0.9616491205118668,0.7120344594283531
524,0.0,0.9474487304673043,0.47372436523365213,0.0,0.9730153257898165,0.48650766289490827
525,0.28808459422035687,0.866832837499611,0.577458715859984,0.44730694787127206,0.9286667987484355,0.6879868733098538
526,0.3364592462722484,0.8772873883643009,0.6068733173182747,0.5035084267787822,0.9346330176209089,0.7190707221998456
527,0.09041642897760388,0.9017287602833476,0.4960725946304757,0.16583834684585616,0.9483253123321275,0.5570818295889918
528,0.1189550949887963,0.9372008925122148,0.5280779937505056,0.21261817479813588,0.9675825528831211,0.5901003638406285
529,0.17249572324489168,0.8633574488773507,0.5179265860611212,0.2942368485021136,0.9266686318263977,0.6104527401642557
530,0.1282026768630191,0.8579484383505601,0.4930755576067896,0.22726887551709796,0.9235438622960119,0.5754063689065549
531,0.10412299091453421,0.8406067387777562,0.4723648648461452,0.1886075949352167,0.913401783301039,0.5510046891181278
532,0.0822882666201487,0.8345566601616115,0.45842246339088005,0.1520634920622852,0.9098183537030607,0.5309409228826729
533,0.036540708998546625,0.8099497441086727,0.4232452265536097,0.07050511124420847,0.8949969431416895,0.482751027192949
534,0.07975460122628474,0.8398799486365199,0.45981727493140234,0.14772727272605626,0.9129725548223185,0.5303499137741874
535,0.20286377708821313,0.8363029484211455,0.5195833627546793,0.33730133195844986,0.9108550951684735,0.6240782135634617
536,0.11974454496754272,0.9491749377731783,0.5344597413703605,0.21387832699111506,0.9739248328911481,0.5939015799411316
537,0.17807096615440407,0.8417057273158757,0.5098883467351398,0.3023094045610579,0.9140501816678257,0.6081797931144418
538,0.2554291623556064,0.8619190692308669,0.5586741157932367,0.4069192751207652,0.9258394561552171,0.6663793656379912
539,0.191410213051613,0.8876374573124352,0.5395238351820241,0.3213170593213992,0.9404745110072442,0.6308957851643218
540,0.09408740359735926,0.918660655206551,0.5063740294019552,0.1719924812003134,0.9576061850370865,0.5647993331187
541,0.09372647427736855,0.8885150256974355,0.491120749987402,0.17138923941526454,0.9409668587299734,0.556178049072619
542,0.11040742033555873,0.7182811661022737,0.4143442932189162,0.19885929851260223,0.8360461375848205,0.5174527180487114
543,0.032827467441256836,0.8622434118734003,0.44753543965732856,0.0635681533965864,0.9260265402211745,0.49479734680888043
544,0.26747425802219893,0.904513011620603,0.585993634821401,0.4220586829740795,0.9498627797254352,0.6859607313497573
545,0.2901922040570308,0.8731562474907741,0.5816742257739025,0.4498433692972513,0.9322834105915393,0.6910633899443953
546,0.09271523178696309,0.8836580922075107,0.48818666199723687,0.16969696969509973,0.9382361861349556,0.5539665779150277
547,0.08162641394006705,0.8136129552633654,0.44761968460171625,0.15093273035506688,0.8972288744432969,0.5240808023991819
548,0.21632260321714203,0.8579357150772118,0.537129159147177,0.35569938870653933,0.9235364906493095,0.6396179396779245
549,0.15410798121884847,0.8877816358611591,0.5209448085400038,0.2670599003328886,0.9405554318322152,0.603807666082552
550,0.0820126782868064,0.9288412518028795,0.505426965044843,0.15159282313893094,0.9631080327991696,0.5573504279690502
551,0.19677901962336725,0.8558135860965943,0.5262963028599807,0.32884770938797814,0.9223055510620123,0.6255766302249952
552,0.16341917164238304,0.8662219925769705,0.5148205821096767,0.28092913650664086,0.9283161339030721,0.6046226352048565
553,0.19337539431973316,0.8795704664256094,0.5364729303726713,0.32408141686206643,0.9359270983846579,0.6300042576233622
554,0.5187220447218055,0.9387413178897169,0.7287316813057612,0.6831033322056285,0.9684028593474441,0.8257530957765362
555,0.3497947214035214,0.9113885602824577,0.6305916408429896,0.5182932128224707,0.9536402793451648,0.7359667460838177
556,0.41289009497404494,0.9307602451459671,0.671825170060006,0.5844617305235335,0.9641386054907101,0.7743001680071218
557,0.43118405626187145,0.961913433912175,0.6965487450870232,0.6025557011696829,0.980587030278967,0.791571365724325
558,0.08951460390650316,0.933451082781549,0.511482843344026,0.16432015428805555,0.9655802425977539,0.5649501984429047
559,0.18703590460219238,0.8532060888069197,0.520120996704556,0.3151309979370391,0.9207892138496129,0.617960105893326
560,0.2983639736861329,0.8658021226477212,0.582083048166927,0.4595998960739179,0.928074968013306,0.6938374320436119
561,0.2680510171799934,0.770256410255136,0.5191537137175647,0.42277639235069503,0.870220162223984,0.6464982772873396
562,0.006735666173757715,0.8152595716062956,0.4109976188900267,0.013381201044277242,0.8982291947204937,0.45580519788238544
563,0.03339070567947916,0.8708866579801197,0.45213868182979944,0.064623584276431,0.93098815394874,0.4978058691125855
564,0.20127905971652163,0.8537820178131318,0.5275305387648267,0.3351079136666539,0.9211245007331776,0.6281162071999158
565,0.005228356143238069,0.9012396568029964,0.45323400647311723,0.010402325225479542,0.948054763720281,0.47922854447288027
566,0.2358421181642899,0.8507422186738216,0.5432921684190557,0.3816703035086843,0.9193524739317119,0.6505113887201981
567,0.30245296498926366,0.8576450766275837,0.5800490208084237,0.4644359114983578,0.9233680722095466,0.6939019918539522
568,0.18030623019904693,0.8532770488433014,0.5167916395211741,0.30552449116300956,0.9208305356998437,0.6131775134314267
569,0.3094123764923781,0.8714133557097902,0.5904128661010841,0.47259729944087503,0.9312890207297685,0.7019431600853218
570,0.3937999060554833,0.8948063380267103,0.6443031220410969,0.565073801977724,0.9444831591164929,0.7547784805471085
571,0.2397103958429235,0.8453992638808683,0.5425548298618958,0.38671998984074957,0.9162236925390298,0.6514718411898897
572,0.22116689280568294,0.9101805777221071,0.5656737352638951,0.3622222222181975,0.9529785700234673,0.6576003961208324
573,0.26138360760296064,0.8515032763702115,0.556443441986586,0.4144395186800859,0.9197966725066187,0.6671180955933522
574,0.24301310043491256,0.8327732848837841,0.5378931926593483,0.39100649920726616,0.9087575552876854,0.6498820272474758
575,0.3167213114719484,0.9001883840465849,0.6084548477592666,0.48107569720716237,0.947472778598478,0.7142742379028202
576,0.1097600344333395,0.8717682435351358,0.49076413898423765,0.19780859109669532,0.9314916486548154,0.5646501198757553
577,0.4548176374461783,0.9355886419896845,0.6952031397179315,0.6252572497602875,0.9667225997234082,0.7959899247418478
578,0.01760195189930983,0.913853442345971,0.4657276971226404,0.03459496489065602,0.9549879025488849,0.49479143371977047
579,0.24841530054373315,0.8912950697866189,0.569855185165176,0.39796900988883854,0.9425235480439097,0.6702462789663741
580,0.14377031419129174,0.8769175660719262,0.510343940131609,0.2513971772259979,0.9344231008580389,0.5929101390420184
581,0.24599415499097052,0.8814169110058143,0.5637055329983924,0.39485603364287564,0.9369713919862713,0.6659137128145735
582,0.17761479591270363,0.9603102540806102,0.5689625249966569,0.3016517736176103,0.979753334536321,0.6407025540769656
583,0.14742867867729514,0.8579692019059517,0.5026989402916234,0.2569722744724219,0.9235558921276255,0.5902640833000237
584,0.2960211661718121,0.8895364619079797,0.592778814039896,0.456815326629579,0.9415393455914164,0.6991773361104977
585,0.24730051497731156,0.7774193548374366,0.5123599349073741,0.39653718090833945,0.8747731397451106,0.6356551603267251
586,0.2895777320846184,0.9294874813579319,0.6095326067212752,0.44910473386743804,0.9634553116704117,0.7062800227689249
587,0.3187684178404759,0.8925623808059543,0.6056653993232151,0.4834335028472535,0.9432316629117964,0.713332582879525
588,0.22594176010142822,0.8470391328590945,0.5364904464802613,0.3686011317254336,0.9171859088312156,0.6428935202783246
589,0.15468204990401554,0.9021325505165927,0.5284073002103041,0.26792145927421956,0.9485485648953182,0.6082350120847689
590,0.2087819132558537,0.8362171885184314,0.5224995508871426,0.34544182199665724,0.9108042270240819,0.6281230245103696
591,0.20654205607154918,0.9206665628392452,0.5636043094553972,0.34237025561138174,0.9586948413141116,0.6505325484627467
592,0.16338477913639005,0.8519169780499702,0.5076508785931801,0.2808783165577853,0.9200379802630472,0.6004581484104162
593,0.22775536207020858,0.8852676247402861,0.5565114934052473,0.37101098330562127,0.9391426587111104,0.6550768210083658
594,0.2921057331640283,0.8726893118110131,0.5823975224875206,0.4521390559095159,0.9320171865209883,0.6920781212152521
595,0.21170864533408157,0.9095043841126124,0.560606514723347,0.3494382022432647,0.9526077988401985,0.6510230005417317
596,0.015008682708819044,0.8786058243508696,0.44680725352984435,0.029573506048764835,0.9353807094199356,0.4824771077343502
597,0.2731414371477206,0.8883907278436701,0.5807660824956954,0.4290826284935826,0.9408971509387916,0.684989889716187
598,0.20825433862901774,0.9153147813051175,0.5617845599670676,0.3447193723555254,0.9557852215617648,0.6502522969586451
599,0.06058783732947013,0.8069365054830728,0.4337621714062715,0.11425331348703484,0.89315424535888,0.5037037794229574
600,0.11863913928295088,0.9063349814571905,0.5124870603700706,0.21211333506352856,0.9508664429631288,0.5814898890133287
601,0.2321717645034321,0.8565219467913956,0.5443468556474138,0.37684967500776617,0.922716748134017,0.6497832115708916
602,0.1381285076149567,0.8830250272021094,0.5105767674085331,0.24272919391926406,0.9378792256565502,0.5903042097879072
603,0.3091754004319836,0.8880449935091284,0.598610196970556,0.4723208216866375,0.9407032105295374,0.7065120161080874
604,0.2031657113066495,0.8040117275729304,0.5035887194397899,0.33771858588956893,0.8913597570173522,0.6145391714534605
605,0.19622708039146286,0.929233348336884,0.5627302143641735,0.32807663964144324,0.9633187702648198,0.6456977049531315
606,0.2881056449336175,0.8773983791907534,0.5827520120621854,0.4473323225727577,0.9346960015688872,0.6910141620708224
607,0.3142857142820491,0.9064305151081198,0.6103581146950845,0.4782608695609737,0.9509190163762283,0.714589942968601
608,0.428409388356789,0.8919440504059447,0.6601767193813668,0.5998411825752865,0.942886286953956,0.7713637347646213
609,0.1346461624094729,0.8044684831986848,0.46955732280407886,0.2373359499556155,0.8916403812968199,0.5644881656262177
610,0.27644811725051494,0.8502823035959828,0.5633652104232488,0.43315214071683167,0.9190838629796955,0.6761180018482635
611,0.2755951511570674,0.9220726170074596,0.5988338840822635,0.43210441950501366,0.9594565874863415,0.6957805034956777
612,0.13364525733616633,0.8407879308983963,0.48721659411728135,0.23577967882158352,0.9135087391495987,0.5746442089855911
613,0.2576355399659679,0.8361554587956198,0.5468954993807938,0.40971415291418944,0.9107676093440095,0.6602408811290994
614,0.30179907014047097,0.8895603517172029,0.595679710928837,0.46366459626969203,0.941552727764196,0.702608662016944
615,0.1497437540030443,0.746106390778489,0.4479250723907666,0.2604819612747343,0.8545944218735065,0.5575381915741204
616,0.26889194212988854,0.8545869568698186,0.5617394494998535,0.4238216560482559,0.9215927608077162,0.672707208427986
617,0.3631201114286604,0.9043558015657966,0.6337379564972285,0.5327778651113599,0.9497760878741447,0.7412769764927523
618,0.1107098819789439,0.8429191493320635,0.4768145156555037,0.19934977400523868,0.9147651969838894,0.557057485494564
619,0.3701840137957133,0.9304172424184329,0.6503006281070731,0.540342041752803,0.963954550315561,0.752148296034182
620,0.04215478276872839,0.8404400805162334,0.4412974316424809,0.08089927420710834,0.913303388046727,0.4971013311269176
621,0.14860509058409907,0.8806834997416149,0.5146442951628569,0.2587574995136563,0.9365568420870508,0.5976571708003535
622,0.2747426218237835,0.8282710090507073,0.5515068154372453,0.4310558337348244,0.9060702761794273,0.6685630549571259
623,0.18771766890889577,0.8905333312459667,0.5391255000774312,0.3160981331217271,0.9420974669185607,0.6290978000201439
624,0.024007606370049825,0.8743074050251411,0.4491575056975955,0.04688950789174919,0.932939178153024,0.48991434302238657
625,0.1734719543877465,0.8446751855281569,0.5090735699579517,0.2956559016840836,0.915798284874,0.6057270932790417
626,0.18593064965998451,0.8046607265237345,0.49529568809185953,0.3135607460913372,0.8917584504359765,0.6026595982636569
627,0.2766257831088271,0.8686239002566166,0.5726248416827219,0.4333701962922769,0.9296936640244505,0.6815319301583638
628,0.03418803418758464,0.887477786627723,0.46083291040765384,0.06611570247849821,0.9403848807284161,0.5032502916034571
629,0.09888491478961829,0.8673911697305291,0.4831380422600737,0.17997319547980112,0.9289871172044758,0.5544801563421384
630,0.40874400348442275,0.9122307281452211,0.6604873658148219,0.5802956427476178,0.9541011079034845,0.7671983753255511
631,0.07142857142717361,0.9271915422489647,0.49931005683806917,0.13333333333089803,0.9622204352007117,0.5477768842658048
632,0.2388140161692882,0.9114233736890542,0.5751186949291712,0.38555265447796394,0.9536593370520564,0.6696059957650102
633,0.15243523315904212,0.872332787011828,0.5123840100854351,0.26454455534336346,0.9318138239773476,0.5981791896603555
634,0.19950016298816145,0.8843485086328347,0.541924335810498,0.33263882597760086,0.9386252113994163,0.6356320186885086
635,0.16755929609650974,0.8459529615341053,0.5067561288153075,0.2870249017017109,0.9165487736275405,0.6017868376646257
636,0.1831498131105854,0.8731070414122482,0.5281284272614167,0.3095969945328757,0.9322553619295139,0.6209261782311948
637,0.2849320624561969,0.9450187896634311,0.614975426059814,0.44349747474047513,0.9717322986138952,0.7076148866771852
638,0.2123753758472484,0.9224693896611482,0.5674223827541983,0.35034590784035574,0.9596713421000076,0.6550086249701816
639,0.32211086751766194,0.9318042187165333,0.6269575431170976,0.4872675589187816,0.9646983992359355,0.7259829790773585
640,0.0028027732703525187,0.8968206724958456,0.44981172288309906,0.005589879376204915,0.9456040684286773,0.4755969739024411
641,0.1909121736160177,0.8878882328051625,0.5394002032105901,0.32061503416552184,0.9406152518741782,0.63061514301985
642,0.13720813457020828,0.8933476095139994,0.5152778720421038,0.24130698752355328,0.9436699368092386,0.592488462166396
643,0.26200417536143744,0.9224039260557199,0.5922040507085786,0.4152191894078315,0.9596359157965895,0.6874275526022104
644,0.0637862886734102,0.7873374612990908,0.4255618749862505,0.11992312620038485,0.881017131176594,0.5004701286884894
645,0.08176382660565376,0.905476311374378,0.49362006899001587,0.1511676108864009,0.9503936689942662,0.5507806399403335
646,0.32853630315064697,0.8477694161611204,0.5881528596558837,0.4945838549861489,0.917613863230213,0.7060988591081809
647,0.3836867654548819,0.8379109341651331,0.6107988498100074,0.5545861607323335,0.9118079865450632,0.7331970736386983
648,0.042768874299645016,0.8476794739820753,0.4452241741408602,0.08202944171759995,0.917561174347168,0.499795308032384
649,0.08117805351949203,0.9054359700261483,0.49330701177282016,0.1501659292014634,0.9503714470276563,0.5502686881145599
650,0.09436870183646272,0.882004942846954,0.48818682234170835,0.17246235510592067,0.9373035349341049,0.5548829450200128
651,0.06488089720952005,0.8443920044406743,0.4546364508250972,0.12185568804837796,0.9156318205757377,0.5187437543120578
652,0.09290819131317907,0.8205211878221365,0.45671468956765776,0.1700201207231243,0.9014134999480168,0.5357168103355705
653,0.25589202981094544,0.8204617253935675,0.5381768776022565,0.40750641573776997,0.9013776164024443,0.6544420160701071
654,0.25458248471764383,0.960377971264038,0.6074802279908409,0.40584415583474387,0.9797885768373463,0.6928163663360452
655,0.3142887205354136,0.8958096852053656,0.6050492028703897,0.4782643503284103,0.9450417857827602,0.7116530680555853
656,0.2910420740075962,0.840856998876992,0.5659495364422941,0.4508638097349626,0.91354950372566,0.6822066567303113
657,0.05259631490743219,0.8257225611622208,0.4391594380348265,0.099936346275462,0.9045433065542897,0.5022398264148759
658,0.043633478777829894,0.8518495760095062,0.447741527393668,0.08361839604633581,0.9199986727271129,0.5018085343867243
659,0.03486714193085072,0.8859147808220297,0.4603909613764402,0.06738476953823416,0.939506694396741,0.5034457319674875
660,0.1550675675658213,0.8830561573576847,0.519061862461753,0.26849956127260893,0.9378967843389167,0.6031981728057628
661,0.11746671338369422,0.8430563127956335,0.48026151308966386,0.21023751665587334,0.9148459620496853,0.5625417393527793
662,0.17911335911753332,0.8701239604568176,0.5246186597871755,0.3038102447615122,0.9305521760645977,0.617181210413055
663,0.13587159387577694,0.928558202689593,0.532214898282685,0.2392375944752015,0.9629558510545477,0.6010967227648746
664,0.24969784868060832,0.8508576645244793,0.5502777566025439,0.39961315280206566,0.91941987850598,0.6595165156540228
665,0.11462753418131408,0.7637558774028341,0.4391917057920741,0.2056786337428981,0.866056223753006,0.535867428747952
666,0.04740088105643347,0.9171710052539305,0.482285943155182,0.09051144010614887,0.9567962406488102,0.5236538403774795
667,0.17042582150330132,0.8662182713248574,0.5183220464140794,0.2912202010109542,0.9283139969580466,0.6097670989845004
668,0.12020373514329198,0.8383655645651304,0.4792846498542112,0.2146104880250484,0.9120770979665818,0.563343792995815
669,0.15143793228885186,0.7781408629429281,0.46478939761588994,0.26304141637547135,0.8752297179145403,0.5691355671450058
670,0.21169686984824224,0.9255264509487393,0.5686116603984908,0.3494221617899467,0.9613230194710821,0.6553725906305143
671,0.10840141446099011,0.7706327049142528,0.43951705968762145,0.19559955995491968,0.8704602629053694,0.5330299114301446
672,0.1382062210924258,0.851543460599807,0.49487484084611644,0.24284917536257788,0.9198201162655396,0.5813346458140587
673,0.10296364191715607,0.9094693348942224,0.5062164884056892,0.18670360110544731,0.9525885734578751,0.5696460872816612
674,0.3132996830577145,0.9069464106750649,0.6101230468663896,0.4771183410754637,0.9512028294009616,0.7141605852382127
675,0.28482476427513,0.8014259134230132,0.5431253388490715,0.4433674882283607,0.8897683856453121,0.6665679369368365
676,0.1592514124265669,0.9263236067689973,0.5427875095977821,0.2747487054481458,0.9617528472515688,0.6182507763498573
677,0.24966759337453362,0.7978177672814952,0.5237426803280144,0.399574406343282,0.8875401965660695,0.6435573014546758
678,0.0,0.9575653076157263,0.47878265380786317,0.0,0.9783227194417549,0.48916135972087743
679,0.08878586937334201,0.7574621620343354,0.4231240157038387,0.16309151665321175,0.8619954140663165,0.5125434653597641
680,0.08503479391232671,0.8142772879659532,0.44965604093913997,0.15674113749977628,0.8976326754096852,0.5271869064547308
681,0.1253738631500618,0.7742824737708732,0.4498281684604675,0.22281282204142314,0.8727837705856325,0.5477982963135278
682,0.033169934639980886,0.9094332113925436,0.47130157301626224,0.06421002688495635,0.9525687580654333,0.5083893924751948
683,0.15224005875404217,0.873917453380863,0.5130787560674526,0.26425059187521166,0.9327171288192749,0.5984838603472433
684,0.2747023550858199,0.8661963927841825,0.5704493739350012,0.43100627215413817,0.9283014329396513,0.6796538525468947
685,0.32720516330707866,0.8294694052897046,0.5783372842983916,0.4930739758301745,0.906786856223326,0.6999304160267502
686,0.06334071173057482,0.915582223312081,0.4894614675213279,0.11913530824468958,0.95593100851502,0.5375331583798548
687,0.2565970023194364,0.8883923619350473,0.5724946821272419,0.4083998319999294,0.9408980674172037,0.6746489497085666
688,0.18609147483423302,0.7843121557563976,0.4852018152953153,0.3137894146996394,0.8791198930367826,0.596454653868211
689,0.014332731712343848,0.858044984020339,0.43618885786634143,0.02826041448578333,0.9235997959142485,0.4759301052000159
690,0.19944895147406325,0.9185776781390896,0.5590133148065765,0.33256763654501575,0.9575611022745322,0.645064369409774
691,0.28135593220040933,0.8921119592861131,0.5867339457432612,0.43915343914980853,0.9429800968254581,0.6910667679876333
692,0.17561770761688728,0.8486509474068757,0.5121343275118815,0.2987666934226172,0.9181300002548218,0.6084483468387195
693,0.11608582413349763,0.889674922599242,0.5028803733663698,0.20802311367698606,0.9416169013615282,0.5748200075192571
694,0.1524822695017437,0.8883977212575283,0.5204399953796359,0.2646153846126706,0.9409010731763894,0.60275822889453
695,0.26184932645716075,0.8577107410183888,0.5597800337377747,0.4150247116941349,0.9234061278541089,0.6692154197741219
696,0.0483889462212087,0.8725466105586009,0.4604677783899048,0.09231105763871474,0.9319357987017592,0.512123428170237
697,0.1144335825170438,0.9048501699090132,0.5096418762130285,0.20536635706649425,0.9500486539077603,0.5777075054871272
698,0.10996853656580485,0.8190724303061961,0.4645204834360005,0.19814712389243536,0.9005385565305121,0.5493428402114737
699,0.1501554491206608,0.8413465309246555,0.49575099002265816,0.2611046171810264,0.9138383425331273,0.5874714798570768
700,0.10793768545913993,0.8123468734869738,0.46014227947305686,0.19484432540880586,0.8964584929859593,0.5456514091973825
701,0.25014021312194423,0.8500496683422789,0.5500949407321116,0.40017945266679367,0.9189479427370818,0.6595636977019377
702,0.1468171359685897,0.8786996074508089,0.5127583717096993,0.25604280118222944,0.9354338543170387,0.5957383277496341
703,0.22733378105857024,0.8912998976444512,0.5593168393515107,0.3704514363851304,0.9425262474285907,0.6564888419068605
704,0.26521931767598383,0.8674192155782943,0.566319266627139,0.4192463930493119,0.9290032022184966,0.6741247976339042
705,0.11514614703163914,0.8603144517278372,0.48773029937973816,0.20651310563757377,0.9249129370884451,0.5657130213630095
706,0.07730518472444059,0.8623840466732587,0.46984461569884967,0.14351585014271356,0.9261076395212029,0.5348117448319583
707,0.20151800013786283,0.8169439034500544,0.5092309517939586,0.3354390031855379,0.8992505513228259,0.6173447772541819
708,0.1066513761461095,0.7804328082415514,0.44354209219383045,0.19274611398852765,0.8766776309995632,0.5347118724940454
709,0.380744716533817,0.9108657513947773,0.6458052339642971,0.5515063168079729,0.9533539975060196,0.7524301571569962
710,0.21316455695986666,0.8775046901343546,0.5453346235471106,0.35141903171659916,0.9347563228420592,0.6430876772793293
711,0.4910748195912005,0.9348005903612975,0.712937704976249,0.6586856851701588,0.9663017419141229,0.8124937135421408
712,0.17019549981431062,0.8221069445969063,0.4961512222056084,0.2908838734063114,0.9023695859726566,0.596626729689484
713,0.111134278563154,0.9344184114564952,0.5227763450098246,0.20003753048977224,0.9660975163619716,0.583067523425872
714,0.09446333171365984,0.826205160868079,0.46033424629086944,0.17262036831467628,0.9048327959771463,0.5387265821459113
715,0.0924766611741628,0.8722756360700029,0.48237614862208283,0.1692972755587685,0.9317812177494887,0.5505392466541286
716,0.09043773058041242,0.8588559315464283,0.4746468310634203,0.1658741770284759,0.9240693880261337,0.5449717825273048
717,0.14523347124761266,0.8413720696990702,0.4933027704733414,0.253631202534442,0.9138534069723052,0.5837423047533736
718,0.06233456855396593,0.8911088911075216,0.47672172983074373,0.11735393048315244,0.942419440041495,0.5298866852623237
719,0.46246601252556485,0.9262138127987047,0.6943399126621348,0.6324468515024456,0.961693667280847,0.7970702593916463
720,0.11356068434821953,0.8803972299241167,0.49697895713616813,0.2039595792925968,0.9363949445507799,0.5701772619216884
721,0.17400268937540114,0.8551143957844876,0.5145585425799444,0.29642638973506086,0.9218993693624788,0.6091628795487698
722,0.1854340231104055,0.856726436200711,0.5210802296555582,0.31285422806383395,0.9228353940538168,0.6178448110588254
723,0.4081535343854076,0.9200637557945002,0.6641086450899538,0.5797003301398485,0.9583679219170391,0.7690341260284438
724,0.30379291748783216,0.8753780809561822,0.5895854992220072,0.4660140631430717,0.9335483760265141,0.6997812195847929
725,0.24801343755896366,0.8113360455114328,0.5296747415351982,0.3974531524982014,0.8958426544008306,0.646647903449516
726,0.07372609704793051,0.8708165687757313,0.47227133291183093,0.1373275684564821,0.9309481039561208,0.5341378362063015
727,0.20570662114125463,0.8979780419413022,0.5518423315412784,0.34122168284444554,0.9462470293100192,0.6437343560772324
728,0.04312489633366852,0.9116214228799074,0.477373159606788,0.08268405151720967,0.953767740797261,0.5182258961572354
729,0.10688360450429432,0.8896756439181075,0.4982796242112009,0.19312528267533777,0.941617305362976,0.5673712940191569
730,0.07943081660741816,0.8661943569783506,0.47281258679288435,0.14717166748502536,0.9283002638383813,0.5377359656617033
731,0.17320703653455716,0.826069078946062,0.49963805774030956,0.2952710495944171,0.9047511821653952,0.6000111158799062
732,0.0,0.8789672851549087,0.43948364257745437,0.0,0.9355855124241225,0.46779275621206123
733,0.33880697050654485,0.871658101865492,0.6052325361860185,0.5061326658291231,0.931428770026647,0.7187807179278851
734,0.13810788533622026,0.8530174298730977,0.495562657604659,0.24269735253687374,0.9206793375187149,0.5816883450277943
735,0.29605186985879295,0.90345988345178,0.5997558766552864,0.4568518849342786,0.9492817697985041,0.7030668273663914
